tempo,potencia
0,1.0400159228159e-07
1,1.0400064527276e-07
2,1.03876736187e-07
3,1.038539975731e-07
4,1.0350047152455e-07
5,1.0345563472965e-07
6,1.0286781782692e-07
7,1.0280030236697e-07
8,1.019708339627e-07
9,1.0187982358203e-07
10,1.0079914839199e-07
11,1.0068364666014e-07
12,9.9340682485273e-08
13,9.9199584355279e-08
14,9.7582546592976e-08
15,9.7414723816305e-08
16,9.5512081284969e-08
17,9.53164789157e-08
18,9.3118008382957e-08
19,9.2893748911345e-08
20,9.0391648506921e-08
21,9.0138139488463e-08
22,8.7328154474231e-08
23,8.7045194926035e-08
24,8.3927703796141e-08
25,8.3615584190085e-08
26,8.0196589541099e-08
27,7.985618000359e-08
28,7.6148147763785e-08
29,7.5780969159052e-08
30,7.1803462166369e-08
31,7.1411735137388e-08
32,6.7191793041875e-08
33,6.6778460829387e-08
34,6.2350687893612e-08
35,6.1919409833802e-08
36,5.7325745096406e-08
37,5.6880859067718e-08
38,5.2170018855893e-08
39,5.171647252197e-08
40,4.6943072491366e-08
41,4.6486324872018e-08
42,4.1709706433915e-08
43,4.1255603004858e-08
44,3.6538405890848e-08
45,3.609303194634e-08
46,3.1499569491371e-08
47,3.1069087782556e-08
48,2.6663593161847e-08
49,2.6254072754777e-08
50,2.2098892019716e-08
51,2.1716135829414e-08
52,1.7869946624816e-08
53,1.7519325146595e-08
54,1.4035458298174e-08
55,1.3721756673374e-08
56,1.0646691640296e-08
57,1.0373976404586e-08
58,7.7460714594199e-09
59,7.517582191594e-09
60,5.3660869646701e-09
61,5.1841566766091e-09
62,3.5285394039648e-09
63,3.3945459887471e-09
64,2.2441515420145e-09
65,2.1585010349159e-09
66,1.5125396764678e-09
67,1.4746805829803e-09
68,1.3225323679012e-09
69,1.3309989597207e-09
70,1.6528056145282e-09
71,1.7052869583979e-09
72,2.472792503315e-09
73,2.5662231135386e-09
74,3.743816825561e-09
75,3.8744842429213e-09
76,5.4203949110828e-09
77,5.5840592106126e-09
78,7.451647932062e-09
79,7.6436681327552e-09
80,9.7827678821835e-09
81,9.9982304420805e-09
82,1.2356483929321e-08
83,1.2590328917709e-08
84,1.511448135638e-08
85,1.5361622452578e-08
86,1.7998732285691e-08
87,1.8254167413553e-08
88,2.0952705268376e-08
89,2.1211615387585e-08
90,2.3922429087822e-08
91,2.4180263386243e-08
92,2.6857394316327e-08
93,2.7109940743965e-08
94,2.9711283896312e-08
95,2.9954724624067e-08
96,3.2442531002557e-08
97,3.2673482954222e-08
98,3.5014708478846e-08
99,3.5230249562103e-08
100,3.7396759115292e-08
101,3.7594441158078e-08
102,3.9563079900076e-08
103,3.9740929584069e-08
104,4.1493476162115e-08
105,4.1649985437727e-08
106,4.3173003288531e-08
107,4.3307110865354e-08
108,4.4591714557304e-08
109,4.4702780099232e-08
110,4.574433369758e-08
111,4.5832106325554e-08
112,4.6629870215425e-08
113,4.6694452844676e-08
114,4.7251194440977e-08
115,4.7293005365784e-08
116,4.7614587797648e-08
117,4.7634320796292e-08
118,4.7729282088491e-08
119,4.7727866164337e-08
120,4.7606999747771e-08
121,4.7585559457904e-08
122,4.7261505109612e-08
123,4.7221322267509e-08
124,4.6708174875784e-08
125,4.6650652254887e-08
126,4.5963594180358e-08
127,4.5890221695525e-08
128,4.5045182993342e-08
129,4.4957506700003e-08
130,4.3970856108303e-08
131,4.3870450236999e-08
132,4.2758718637776e-08
133,4.2647160774996e-08
134,4.1426797802533e-08
135,4.1305647238692e-08
136,3.9992810845966e-08
137,3.9863590036393e-08
138,3.8473968126016e-08
139,3.8338147150999e-08
140,3.6886809823006e-08
141,3.6745793686836e-08
142,3.5247074237809e-08
143,3.5102192812839e-08
144,3.3569595324765e-08
145,3.3422095723647e-08
146,3.1868226890486e-08
147,3.1719268035931e-08
148,3.0155790775937e-08
149,3.0006439931752e-08
150,2.8444046308398e-08
151,2.8295277336295e-08
152,2.6743678346522e-08
153,2.6596371458842e-08
154,2.5064301331375e-08
155,2.49192441202e-08
156,2.3414476886447e-08
157,2.3272366421987e-08
158,2.1801742668751e-08
159,2.1663188475122e-08
160,2.0232650351856e-08
161,2.0098178084405e-08
162,1.8712810811727e-08
163,1.8582866477124e-08
164,1.7246944780941e-08
165,1.7121899358002e-08
166,1.583893743081e-08
167,1.5719091766887e-08
168,1.4491895529889e-08
169,1.4377485403857e-08
170,1.3208206008021e-08
171,1.3099407265889e-08
172,1.1989594925338e-08
173,1.1886528609146e-08
174,1.0837186003502e-08
175,1.0739923406967e-08
176,9.751558021554e-09
177,9.6601256181912e-09
178,8.7328005099853e-09
179,8.6471847101009e-09
180,7.7805672944787e-09
181,7.7007189970526e-09
182,6.8941275452653e-09
183,6.8199664593035e-09
184,6.0724140797152e-09
185,6.0038327970153e-09
186,5.3140687454149e-09
187,5.2509365530735e-09
188,4.6174847793453e-09
189,4.5596512057686e-09
190,3.9808460967183e-09
191,3.9281441896141e-09
192,3.4021635115665e-09
193,3.3544128499635e-09
194,2.879307931146e-09
195,2.8363173768956e-09
196,2.4100405985791e-09
197,2.3716107950141e-09
198,1.9920404837863e-09
199,1.9579661113169e-09
200,1.6229289424814e-09
201,1.5930007423378e-09
202,1.3002917775652e-09
203,1.274298355889e-09
204,1.0216988474458e-09
205,9.9942827271505e-10
206,7.8472137223658e-10
207,7.6596257936146e-10
208,5.8694709200675e-10
209,5.7149110658814e-10
210,4.2599343192621e-10
211,4.1363442813939e-10
212,2.9951882759337e-10
213,2.9005503291093e-10
214,2.0523236057814e-10
215,1.9846682020538e-10
216,1.4090184958101e-10
217,1.3664306302288e-10
218,1.0436053691328e-10
219,1.0242297854314e-10
220,9.3512503535047e-11
221,9.3717038454108e-11
222,1.0633693886828e-10
223,1.0851114470721e-10
224,1.4089138422593e-10
225,1.44869788887e-10
226,1.9531406114031e-10
227,2.009383058172e-10
228,2.6782538825707e-10
229,2.7494432440826e-10
230,3.5672878290681e-10
231,3.6519851119889e-10
232,4.6041083605395e-10
233,4.7009469466688e-10
234,5.7734094213411e-10
235,5.8810945119526e-10
236,7.0607045836047e-10
237,7.1780122668626e-10
238,8.4523146147291e-10
239,8.578090612412e-10
240,9.9353516362165e-10
241,1.0068509780718e-09
242,1.1497700431574e-09
243,1.1637220918959e-09
244,1.3127997405403e-09
245,1.3272924865833e-09
246,1.4815607643953e-09
247,1.496504906644e-09
248,1.6550600479144e-09
249,1.6703723023387e-09
250,1.832372391336e-09
251,1.8479752637907e-09
252,2.0126378221325e-09
253,2.0284593753642e-09
254,2.1950589007211e-09
255,2.2110325178407e-09
256,2.3788979960963e-09
257,2.3949621424668e-09
258,2.5634745525867e-09
259,2.5795725378615e-09
260,2.748162366093e-09
261,2.7642421078464e-09
262,2.932386885553e-09
263,2.9484006757851e-09
264,3.1156225530528e-09
265,3.1315268286194e-09
266,3.2973901938568e-09
267,3.3131453117356e-09
268,3.4772544657894e-09
269,3.4928244838785e-09
270,3.654821375648e-09
271,3.6701738397528e-09
272,3.8297358688904e-09
273,3.844841606315e-09
274,4.0016794974372e-09
275,4.0165124175941e-09
276,4.1703681693137e-09
277,4.1849050715976e-09
278,4.3355499827696e-09
279,4.3497703718843e-09
280,4.4970031466401e-09
281,4.510889055502e-09
282,4.6545339879082e-09
283,4.6680698081697e-09
284,4.8079750467485e-09
285,4.8211473669356e-09
286,4.9571832587352e-09
287,4.9699807099507e-09
288,5.1020382234181e-09
289,5.1144513325168e-09
290,5.242440558013e-09
291,5.2544616081274e-09
292,5.3783103346256e-09
293,5.3899332328742e-09
294,5.5095855991132e-09
295,5.5208057513376e-09
296,5.6362209694533e-09
297,5.6470351617679e-09
298,5.7581863113038e-09
299,5.7685925982619e-09
300,5.8754654882769e-09
301,5.8854630874176e-09
302,5.9880551843331e-09
303,5.9976443769021e-09
304,6.0959637956516e-09
305,6.1051458332302e-09
306,6.1992103892281e-09
307,6.2079874060641e-09
308,6.297823725485e-09
309,6.3061986562576e-09
310,6.391841342121e-09
311,6.3998178449182e-09
312,6.4813086964673e-09
313,6.488891080737e-09
314,6.5662783636432e-09
315,6.5734715228675e-09
316,6.6468092878332e-09
317,6.6536186367217e-09
318,6.7229660840709e-09
319,6.729397500017e-09
320,6.7948183879638e-09
321,6.8008781565733e-09
322,6.8624402508722e-09
323,6.8681350153316e-09
324,6.9259095781239e-09
325,6.931246292202e-09
326,6.9853076079191e-09
327,6.9902934924197e-09
328,7.0407184286741e-09
329,7.0453609311157e-09
330,7.0922285326104e-09
331,7.096535289976e-09
332,7.139926403517e-09
333,7.1439052078901e-09
334,7.1839021366729e-09
335,7.1875609035689e-09
336,7.2242470890044e-09
337,7.227593828255e-09
338,7.261053557639e-09
339,7.2640963466762e-09
340,7.2944144851155e-09
341,7.2971614444847e-09
342,7.324423189581e-09
343,7.3268824605605e-09
344,7.3511731183677e-09
345,7.3533528425549e-09
346,7.3747576234631e-09
347,7.3766659241976e-09
348,7.3952697574337e-09
349,7.396914722936e-09
350,7.4128020884381e-09
351,7.4141917565516e-09
352,7.4274465330577e-09
353,7.4285888774859e-09
354,7.4392942057136e-09
355,7.4401971236446e-09
356,7.4484352835394e-09
357,7.4491065845669e-09
358,7.4549588856138e-09
359,7.4554062818597e-09
360,7.4589529655306e-09
361,7.4591840628823e-09
362,7.4605042163551e-09
363,7.4605265067411e-09
364,7.4596979870465e-09
365,7.459518841666e-09
366,7.4566182095047e-09
367,7.4562448729493e-09
368,7.4513473354366e-09
369,7.4507869206275e-09
370,7.4439662822904e-09
371,7.4432257661724e-09
372,7.4345543875552e-09
373,7.4336406074891e-09
374,7.4231893707597e-09
375,7.4221090215551e-09
376,7.40994730256e-09
377,7.4087069340985e-09
378,7.3949025803318e-09
379,7.3935085957281e-09
380,7.3781279097215e-09
381,7.3765865639837e-09
382,7.3596942916631e-09
383,7.3580116908001e-09
384,7.3396710143713e-09
385,7.3378531149221e-09
386,7.3181256498914e-09
387,7.3161782588221e-09
388,7.2951240547727e-09
389,7.2930528297181e-09
390,7.2707303745015e-09
391,7.2685408243192e-09
392,7.2450070513286e-09
393,7.2427045369297e-09
394,7.2180148351594e-09
395,7.2156045705922e-09
396,7.1898127972076e-09
397,7.1872998509688e-09
398,7.1604583461174e-09
399,7.157847642666e-09
400,7.1300072462973e-09
401,7.1273035677477e-09
402,7.0985136382144e-09
403,7.0957216261889e-09
404,7.0660300604273e-09
405,7.0631542180543e-09
406,7.0326074731442e-09
407,7.0296521671747e-09
408,6.9982952831145e-09
409,6.9952647461488e-09
410,6.9631413696753e-09
411,6.9600397024817e-09
412,6.9271921117854e-09
413,6.9240232856981e-09
414,6.8904924158979e-09
415,6.887260275281e-09
416,6.8530857445313e-09
417,6.8497940092967e-09
418,6.8150141454101e-09
419,6.8116664135791e-09
420,6.7763182810568e-09
421,6.7729180313584e-09
422,6.737037458732e-09
423,6.7335880532237e-09
424,6.6972096606188e-09
425,6.6937143473254e-09
426,6.6568715741656e-09
427,6.6533334897298e-09
428,6.6160586225049e-09
429,6.6124807948368e-09
430,6.5748049948734e-09
431,6.5711903458004e-09
432,6.5331436769662e-09
433,6.5294950248716e-09
434,6.4911064811645e-09
435,6.4874265436162e-09
436,6.448724076584e-09
437,6.4450154729401e-09
438,6.4060260188901e-09
439,6.4022912728867e-09
440,6.3630407798408e-09
441,6.3592823221498e-09
442,6.3197957765141e-09
443,6.3160159472761e-09
444,6.2763174001873e-09
445,6.2725184515094e-09
446,6.232631044836e-09
447,6.2288151432567e-09
448,6.1887611352263e-09
449,6.1849303641435e-09
450,6.1447311545753e-09
451,6.1408875166348e-09
452,6.1005636717607e-09
453,6.0967090912064e-09
454,6.0562803680617e-09
455,6.052416693042e-09
456,6.0119020634146e-09
457,6.0080310682477e-09
458,5.9674487421732e-09
459,5.9635721295672e-09
460,5.9229395783613e-09
461,5.9190589815917e-09
462,5.8783929604108e-09
463,5.8745099454506e-09
464,5.833826515379e-09
465,5.8299425829838e-09
466,5.7892571326396e-09
467,5.7853737203883e-09
468,5.7447009870452e-09
469,5.7408194713322e-09
470,5.7001735615607e-09
471,5.6962952595436e-09
472,5.6556896693651e-09
473,5.651815840866e-09
474,5.6112634754252e-09
475,5.6073953247842e-09
476,5.5669085175417e-09
477,5.5630471954272e-09
478,5.522637726871e-09
479,5.518784332043e-09
480,5.4784634479274e-09
481,5.4746190289561e-09
482,5.4343974580695e-09
483,5.4305630150087e-09
484,5.3904509864761e-09
485,5.3866274724933e-09
486,5.3466347326185e-09
487,5.3428230555805e-09
488,5.302958884235e-09
489,5.2991599082513e-09
490,5.2594331348147e-09
491,5.2556476817375e-09
492,5.216066700598e-09
493,5.2122955514814e-09
494,5.172868337102e-09
495,5.1691122336192e-09
496,5.1298463551779e-09
497,5.1261060010001e-09
498,5.0870086366109e-09
499,5.0832846987433e-09
500,5.0443626492669e-09
501,5.0406557593486e-09
502,5.0019154618015e-09
503,4.9982262173667e-09
504,4.9596737579319e-09
505,4.9560027236327e-09
506,4.9176438502886e-09
507,4.913991559083e-09
508,4.8758316938497e-09
509,4.8721986481524e-09
510,4.8342428989722e-09
511,4.8306295717714e-09
512,4.7928827440246e-09
513,4.7892895799647e-09
514,4.751756187633e-09
515,4.748183604063e-09
516,4.71086788055e-09
517,4.7073162685405e-09
518,4.6702221771536e-09
519,4.666691902482e-09
520,4.6298231465862e-09
521,4.6263145506901e-09
522,4.5896745835436e-09
523,4.5861879844443e-09
524,4.54978001872e-09
525,4.5463157119183e-09
526,4.5101427289228e-09
527,4.5067009882629e-09
528,4.4707657468597e-09
529,4.4673468253686e-09
530,4.4316518706123e-09
531,4.4282560013098e-09
532,4.3928036728016e-09
533,4.3894310694846e-09
534,4.3542235094529e-09
535,4.3508743674548e-09
536,4.315913528573e-09
537,4.3125880254971e-09
538,4.2778756784423e-09
539,4.2745739748708e-09
540,4.240111715632e-09
541,4.2368339558123e-09
542,4.2026232127565e-09
543,4.1993695252652e-09
544,4.1654115659637e-09
545,4.162182064346e-09
546,4.128478002176e-09
547,4.1252727855646e-09
548,4.091823586084e-09
549,4.0886427397996e-09
550,4.055449226906e-09
551,4.0522928230328e-09
552,4.0193556849147e-09
553,4.0162237828596e-09
554,3.9835435777412e-09
555,3.9804362247727e-09
556,3.9480133864631e-09
557,3.9449306182319e-09
558,3.9127654614806e-09
559,3.9097073025212e-09
560,3.8778000281914e-09
561,3.8747664924075e-09
562,3.8431171924644e-09
563,3.8401082835982e-09
564,3.808716945926e-09
565,3.8057326580068e-09
566,3.7745991710577e-09
567,3.7716394888405e-09
568,3.740763646115e-09
569,3.7378285454994e-09
570,3.7072100498734e-09
571,3.7042994983092e-09
572,3.6739379662017e-09
573,3.6710519230801e-09
574,3.6409468884785e-09
575,3.6380853055087e-09
576,3.6082362238443e-09
577,3.605399045417e-09
578,3.5758052973028e-09
579,3.5729924608412e-09
580,3.5436533556755e-09
581,3.5408647919719e-09
582,3.5117795714113e-09
583,3.509015204953e-09
584,3.4801830462563e-09
585,3.477442795539e-09
586,3.4488628147917e-09
587,3.4461465926215e-09
588,3.4178178478408e-09
589,3.415125561625e-09
590,3.3870470557489e-09
591,3.384378607776e-09
592,3.3565492915435e-09
593,3.3539045792532e-09
594,3.3263233539775e-09
595,3.32370227022e-09
596,3.2963679904556e-09
597,3.293770423742e-09
598,3.2666818998545e-09
599,3.2641077345967e-09
600,3.2372637352342e-09
601,3.2347128519765e-09
602,3.2081121064483e-09
603,3.2055843820911e-09
604,3.1792255826541e-09
605,3.1767208906666e-09
606,3.1506026947275e-09
607,3.1481209053543e-09
608,3.1222419375841e-09
609,3.1197829180432e-09
610,3.0941417724136e-09
611,3.0917053870868e-09
612,3.0663006288223e-09
613,3.0638867394383e-09
614,3.0387169068993e-09
615,3.0363253727098e-09
616,3.0113889791957e-09
617,3.0090196571433e-09
618,2.9843151926286e-09
619,2.9819679375109e-09
620,2.9574938703117e-09
621,2.9551685349349e-09
622,2.9309233133081e-09
623,2.928619748639e-09
624,2.9046018023189e-09
625,2.9023198576267e-09
626,2.8785275992999e-09
627,2.8762671222944e-09
628,2.852698949014e-09
629,2.8504597859793e-09
630,2.8271140805217e-09
631,2.8248960764413e-09
632,2.8017712086098e-09
633,2.7995742072894e-09
634,2.776668535161e-09
635,2.7744923793451e-09
636,2.7518042504675e-09
637,2.7496487819509e-09
638,2.7271765344904e-09
639,2.7250415942246e-09
640,2.7027835580635e-09
641,2.7006689862609e-09
642,2.6786234840515e-09
643,2.676529120283e-09
644,2.6546944684522e-09
645,2.6526201517416e-09
646,2.6309946614599e-09
647,2.628940230372e-09
648,2.607522208473e-09
649,2.6054875012032e-09
650,2.5842752510681e-09
651,2.5822601055226e-09
652,2.5612519279228e-09
653,2.5592561817981e-09
654,2.5384503757041e-09
655,2.536473866561e-09
656,2.5158687299124e-09
657,2.5139112952497e-09
658,2.4935051256917e-09
659,2.4915666030142e-09
660,2.4713576985998e-09
661,2.4694379254831e-09
662,2.4494245853462e-09
663,2.4475233995008e-09
664,2.4277039244939e-09
665,2.4258211638235e-09
666,2.4061938571282e-09
667,2.4043293597867e-09
668,2.3848925274953e-09
669,2.383046131942e-09
670,2.3637980836112e-09
671,2.3619696286618e-09
672,2.34290867784e-09
673,2.3410980027141e-09
674,2.3222224674419e-09
675,2.3204294118123e-09
676,2.3017376150994e-09
677,2.2999620191349e-09
678,2.2814522894129e-09
679,2.2796939938198e-09
680,2.2613646653725e-09
681,2.2596235114373e-09
682,2.2414729248062e-09
683,2.2397487544305e-09
684,2.2217752568055e-09
685,2.2200679125433e-09
686,2.2022698581259e-09
687,2.2005791832167e-09
688,2.1829549335674e-09
689,2.1812807719699e-09
690,2.1638286963358e-09
691,2.1621708927573e-09
692,2.1448893683805e-09
693,2.1432477683071e-09
694,2.1261351807191e-09
695,2.1245096304397e-09
696,2.1075643737352e-09
697,2.1059547203687e-09
698,2.0891751974655e-09
699,2.0875812889851e-09
700,2.0709659118666e-09
701,2.0693875971235e-09
702,2.0529347870666e-09
703,2.0513719158079e-09
704,2.0350801036015e-09
705,2.033532526493e-09
706,2.0174001526331e-09
707,2.0158677212757e-09
708,1.9998932361571e-09
709,1.9983758031047e-09
710,1.9825576671935e-09
711,1.9810550859716e-09
712,1.9653917699681e-09
713,1.9639038950837e-09
714,1.9483938800732e-09
715,1.9469205670335e-09
716,1.9315623446259e-09
717,1.9301034499478e-09
718,1.9148955224067e-09
719,1.913450903631e-09
720,1.8983917839919e-09
721,1.8969612996909e-09
722,1.8820495118696e-09
723,1.880633021662e-09
724,1.8658671005524e-09
725,1.8644644651076e-09
726,1.8498429566744e-09
727,1.8484540377219e-09
728,1.8339754990806e-09
729,1.8326001594195e-09
730,1.818263158907e-09
731,1.8169012624105e-09
732,1.8027043796523e-09
733,1.8013557912728e-09
734,1.7872976172404e-09
735,1.785962203018e-09
736,1.7720413400768e-09
737,1.7707189671391e-09
738,1.7569340290922e-09
739,1.7556245656614e-09
740,1.7419741777862e-09
741,1.7406774931817e-09
742,1.7271602922576e-09
743,1.7258762568974e-09
744,1.7124908912303e-09
745,1.7112193766343e-09
746,1.6979645060751e-09
747,1.6967053848645e-09
748,1.6835796808189e-09
749,1.6823328267205e-09
750,1.6693349721566e-09
751,1.6681002599993e-09
752,1.6552289494492e-09
753,1.6540062551664e-09
754,1.6412601947226e-09
755,1.6400493953507e-09
756,1.6274273026575e-09
757,1.6262282763351e-09
758,1.6137288805766e-09
759,1.612541506543e-09
760,1.6001635484254e-09
761,1.598987707019e-09
762,1.5867299387509e-09
763,1.5855655114069e-09
764,1.5734266966732e-09
765,1.5722735659213e-09
766,1.560252479856e-09
767,1.5591105293169e-09
768,1.5472059584698e-09
769,1.5460750728533e-09
770,1.5342858151573e-09
771,1.5331658802564e-09
772,1.5214907449866e-09
773,1.5203816476766e-09
774,1.5088194554101e-09
775,1.5077210836421e-09
776,1.4962706662147e-09
777,1.4951829090126e-09
778,1.4838431094712e-09
779,1.4827658569265e-09
780,1.4715355294792e-09
781,1.4704686727477e-09
782,1.4593466827121e-09
783,1.4582901140063e-09
784,1.4472753377581e-09
785,1.4462289503437e-09
786,1.4353202752572e-09
787,1.4342839634474e-09
788,1.4234802878396e-09
789,1.422453946989e-09
790,1.411754180059e-09
791,1.4107377065581e-09
792,1.4001407683247e-09
793,1.3991340595941e-09
794,1.3886388808335e-09
795,1.3876418353165e-09
796,1.3772473574965e-09
797,1.376259874656e-09
798,1.3659650498689e-09
799,1.3649870301771e-09
800,1.354790821074e-09
801,1.3538221660079e-09
802,1.3437235457271e-09
803,1.3427641577618e-09
804,1.3327621098599e-09
805,1.3318118924616e-09
806,1.3219054108416e-09
807,1.3209642684606e-09
808,1.3111523572989e-09
809,1.3102201953636e-09
810,1.3005018690376e-09
811,1.2995785939453e-09
812,1.2899528769594e-09
813,1.2890383960707e-09
814,1.2795043229793e-09
815,1.2785985446111e-09
816,1.2691551599445e-09
817,1.2682579933621e-09
818,1.2589043515489e-09
819,1.2580157069588e-09
820,1.2487508722493e-09
821,1.247870660792e-09
822,1.2386937071809e-09
823,1.2378218409235e-09
824,1.2287318520705e-09
825,1.2278682439988e-09
826,1.2188643131518e-09
827,1.2180088771625e-09
828,1.2090901070773e-09
829,1.208242757972e-09
830,1.1994082608335e-09
831,1.198568914309e-09
832,1.1898178116513e-09
833,1.188986384294e-09
834,1.180317806921e-09
835,1.1794942161979e-09
836,1.1709073041027e-09
837,1.170091468355e-09
838,1.1615853706408e-09
839,1.1607772090744e-09
840,1.1523510838745e-09
841,1.1515505165532e-09
842,1.1432035309488e-09
843,1.1424104787879e-09
844,1.1341418087289e-09
845,1.1333561934863e-09
846,1.125165023712e-09
847,1.1243867679799e-09
848,1.1162722919372e-09
849,1.115501319136e-09
850,1.1074627388998e-09
851,1.1066989732696e-09
852,1.0987354994632e-09
853,1.0979788660557e-09
854,1.0900897177701e-09
855,1.089340142442e-09
856,1.0815245471564e-09
857,1.0807819565616e-09
858,1.0730391500638e-09
859,1.072303471645e-09
860,1.0646326979521e-09
861,1.063903859934e-09
862,1.0563043712134e-09
863,1.055582302595e-09
864,1.0480533590854e-09
865,1.0473379896321e-09
866,1.039878859565e-09
867,1.0391701198023e-09
868,1.0317800793225e-09
869,1.0310779005267e-09
870,1.0237562336171e-09
871,1.0230605478092e-09
872,1.0158065462108e-09
873,1.0151172861484e-09
874,1.0079302492835e-09
875,1.0072473484543e-09
876,1.0001265833502e-09
877,9.9944997596426e-10
878,9.9239479717651e-10
879,9.9172441815849e-10
880,9.8473414769425e-10
881,9.8406993267683e-10
882,9.7714389991985e-10
883,9.764857852361e-10
884,9.6962332687186e-10
885,9.6897124954816e-10
886,9.621717094876e-10
887,9.615256072369e-10
888,9.5478833654382e-10
889,9.5414814775823e-10
890,9.4747250457433e-10
891,9.4683816831785e-10
892,9.4022351778933e-10
893,9.395949737911e-10
894,9.3304068799634e-10
895,9.3241787664449e-10
896,9.2592333452153e-10
897,9.2530619685388e-10
898,9.1887078412795e-10
899,9.1825926182906e-10
900,9.1188237094133e-10
901,9.1127640633178e-10
902,9.0495743636952e-10
903,9.0435697240149e-10
904,8.9809532902599e-10
905,8.9750030927604e-10
906,8.9129540465401e-10
907,8.9070577331615e-10
908,8.8455702604995e-10
909,8.8397272792955e-10
910,8.778795629888e-10
911,8.7730054349518e-10
912,8.7126239214806e-10
913,8.7068859728892e-10
914,8.6470489703493e-10
915,8.6413627340972e-10
916,8.5820646791209e-10
917,8.5764296270539e-10
918,8.5176650172499e-10
919,8.5120806270023e-10
920,8.4538440202903e-10
921,8.4483097752215e-10
922,8.3905957891899e-10
923,8.3851111783265e-10
924,8.3279144895615e-10
925,8.3224790075328e-10
926,8.2657943510021e-10
927,8.2604074979721e-10
928,8.2042296663632e-10
929,8.1988909479802e-10
930,8.1432147910923e-10
931,8.1379237184278e-10
932,8.0827441425143e-10
933,8.0775002319983e-10
934,8.022812199183e-10
935,8.0176149725441e-10
936,7.963413500177e-10
937,7.9582624843953e-10
938,7.9045426444505e-10
939,7.8994373716886e-10
940,7.8461942901764e-10
941,7.841134297724e-10
942,7.7883631540696e-10
943,7.7833479842948e-10
944,7.7310440107651e-10
945,7.7260732110378e-10
946,7.6742316921421e-10
947,7.6693048148086e-10
948,7.617921086732e-10
949,7.6130376890234e-10
950,7.5621071390367e-10
951,7.5572667830464e-10
952,7.5067848489403e-10
953,7.5019871015631e-10
954,7.4519492710889e-10
955,7.4471937039489e-10
956,7.3975955142541e-10
957,7.3928817036763e-10
958,7.3437187407595e-10
959,7.3390462676905e-10
960,7.2903141658537e-10
961,7.2856826158381e-10
962,7.2373770571222e-10
963,7.2327860202364e-10
964,7.1849027339213e-10
965,7.1803518047193e-10
966,7.1328865667686e-10
967,7.1283753442383e-10
968,7.081323976778e-10
969,7.0768520642822e-10
970,7.0302104350866e-10
971,7.0257774403363e-10
972,6.9795414623083e-10
973,6.975146997283e-10
974,6.9293126279404e-10
975,6.9249563088655e-10
976,6.8795195498457e-10
977,6.8752009971273e-10
978,6.8301578936902e-10
979,6.8258767318744e-10
980,6.7812233723974e-10
981,6.7769792301295e-10
982,6.7327117456247e-10
983,6.7285042555937e-10
984,6.6846188192303e-10
985,6.6804476181219e-10
986,6.6369404447449e-10
987,6.6328051731995e-10
988,6.5896725188538e-10
989,6.5855728214352e-10
990,6.5428109828917e-10
991,6.5387465080185e-10
992,6.4963518223297e-10
993,6.4923222222449e-10
994,6.4502910662728e-10
995,6.4462959970035e-10
996,6.4046247869717e-10
997,6.4006639082699e-10
998,6.3593490993155e-10
999,6.3554220746359e-10
1000,6.3144601603659e-10
1001,6.3105666568145e-10
1002,6.2699541688642e-10
1003,6.2660938571532e-10
1004,6.2258273647586e-10
1005,6.2219999191701e-10
1006,6.1820760287426e-10
1007,6.1782811270841e-10
1008,6.1386964817772e-10
1009,6.1349338053491e-10
1010,6.0956850846416e-10
1011,6.0919543181882e-10
1012,6.0530382374787e-10
1013,6.0493390691546e-10
1014,6.0107523793345e-10
1015,6.0070845006657e-10
1016,5.9688239877363e-10
1017,5.9651870935728e-10
1018,5.9272495782289e-10
1019,5.9236433667192e-10
1020,5.8860257039513e-10
1021,5.882449876507e-10
1022,5.8451489552236e-10
1023,5.8416032164596e-10
1024,5.8046159590858e-10
1025,5.8011000168069e-10
1026,5.7644233789103e-10
1027,5.7609369440684e-10
1028,5.7245679139752e-10
1029,5.7211107006284e-10
1030,5.6850462990505e-10
1031,5.6816180243289e-10
1032,5.6458553039985e-10
1033,5.6424556880797e-10
1034,5.6069917333783e-10
1035,5.6036204994326e-10
1036,5.5684524260269e-10
1037,5.5651093002016e-10
1038,5.5302342546973e-10
1039,5.526918966071e-10
1040,5.492334125646e-10
1041,5.4890464062023e-10
1042,5.4547489782629e-10
1043,5.4514885628551e-10
1044,5.4174757846949e-10
1045,5.4142424110107e-10
1046,5.3805115494611e-10
1047,5.3773049579924e-10
1048,5.3438533090932e-10
1049,5.3406732431068e-10
1050,5.3074981317592e-10
1051,5.3043443372559e-10
1052,5.2714431169159e-10
1053,5.268315342612e-10
1054,5.2356853949382e-10
1055,5.2325833922219e-10
1056,5.2002221267769e-10
1057,5.197145649686e-10
1058,5.1650505035965e-10
1059,5.1619993087925e-10
1060,5.1301677464486e-10
1061,5.127141593167e-10
1062,5.0955711059109e-10
1063,5.0925697559558e-10
1064,5.0612578617704e-10
1065,5.0582810794673e-10
1066,5.0272253226634e-10
1067,5.0242728748494e-10
1068,4.9934708257825e-10
1069,4.9905424817504e-10
1070,4.9599917365141e-10
1071,4.9570872680128e-10
1072,4.9267854481498e-10
1073,4.923904629332e-10
1074,4.8938493815374e-10
1075,4.8909919889519e-10
1076,4.8611809847934e-10
1077,4.8583467973474e-10
1078,4.8287777329752e-10
1079,4.8259665319049e-10
1080,4.7966371277837e-10
1081,4.7938486966418e-10
1082,4.7647566972573e-10
1083,4.7619908218705e-10
1084,4.7331339954705e-10
1085,4.7303904639207e-10
1086,4.7017666022367e-10
1087,4.6990452048352e-10
1088,4.6706521228198e-10
1089,4.6679526520835e-10
1090,4.6397881876471e-10
1091,4.6371104382732e-10
1092,4.6091724520133e-10
1093,4.606516220848e-10
1094,4.57880259581e-10
1095,4.5761676818295e-10
1096,4.5486763232323e-10
1097,4.546062527524e-10
1098,4.5187913625177e-10
1099,4.5161984882466e-10
1100,4.4891454656675e-10
1101,4.4865733180571e-10
1102,4.4597364081738e-10
1103,4.4571847944808e-10
1104,4.4305619887585e-10
1105,4.428030718253e-10
1106,4.4016200291067e-10
1107,4.3991089130471e-10
1108,4.3729083736073e-10
1109,4.3704172252191e-10
1110,4.3444248891021e-10
1111,4.3419535235529e-10
1112,4.3161674646228e-10
1113,4.3137156990041e-10
1114,4.2881340111394e-10
1115,4.2857016644419e-10
1116,4.2603224613263e-10
1117,4.2579093544178e-10
1118,4.232730769301e-10
1119,4.2303367249129e-10
1120,4.2053569103916e-10
1121,4.2029817530888e-10
1122,4.1781988808964e-10
1123,4.1758424370547e-10
1124,4.1512546978414e-10
1125,4.1489167956393e-10
1126,4.1245223987551e-10
1127,4.1222028681436e-10
1128,4.0980000414271e-10
1129,4.0956987141166e-10
1130,4.0716857036993e-10
1131,4.0694024131258e-10
1132,4.0455774832152e-10
1133,4.043312064541e-10
1134,4.0196734972191e-10
1135,4.0174257872959e-10
1136,3.9939718823149e-10
1137,3.991741719675e-10
1138,3.9684707942739e-10
1139,3.966258019111e-10
1140,3.9431684077922e-10
1141,3.9409728619362e-10
1142,3.9180629163044e-10
1143,3.9158844432098e-10
1144,3.8931525317578e-10
1145,3.8909909764793e-10
1146,3.868435484402e-10
1147,3.8662906935865e-10
1148,3.8439100225989e-10
1149,3.8417818444547e-10
1150,3.8195744126109e-10
1151,3.8174626968963e-10
1152,3.7954269383928e-10
1153,3.7933315364069e-10
1154,3.7714659014143e-10
1155,3.7693866659652e-10
1156,3.7476896204495e-10
1157,3.7456264058468e-10
1158,3.7240964313846e-10
1159,3.7220490934205e-10
1160,3.7006846870289e-10
1161,3.6986530829626e-10
1162,3.6774527569378e-10
1163,3.6754367454708e-10
1164,3.6543990272016e-10
1165,3.6523984684774e-10
1166,3.631521900283e-10
1167,3.6295366558609e-10
1168,3.6088197948315e-10
1169,3.6068497276669e-10
1170,3.5862911454864e-10
1171,3.5843361199298e-10
1172,3.5639344027281e-10
1173,3.5619942844932e-10
1174,3.5417480326784e-10
1175,3.539822688837e-10
1176,3.5197305169367e-10
1177,3.5178198159004e-10
1178,3.4978803524085e-10
1179,3.4959841639152e-10
1180,3.4761960511301e-10
1181,3.4743142462281e-10
1182,3.4546761401105e-10
1183,3.4528085911486e-10
1184,3.4333191611625e-10
1185,3.4314657417642e-10
1186,3.4121236707324e-10
1187,3.4102842557933e-10
1188,3.3910882397486e-10
1189,3.3892627054174e-10
1190,3.3702114534533e-10
1191,3.368399677121e-10
1192,3.3494919112495e-10
1193,3.3476937715313e-10
1194,3.3289282265466e-10
1195,3.3271436032708e-10
1196,3.3085190265988e-10
1197,3.3067478007976e-10
1198,3.2882629523645e-10
1199,3.2865050062451e-10
1200,3.2681586583413e-10
1201,3.2664138752983e-10
1202,3.2482048124275e-10
1203,3.2464730770091e-10
1204,3.2284000957766e-10
1205,3.2266812936778e-10
1206,3.2087432026438e-10
1207,3.2070372206946e-10
1208,3.1892328402445e-10
1209,3.1875395664028e-10
1210,3.1698677286213e-10
1211,3.1681870519518e-10
1212,3.1506466004899e-10
1213,3.1489784111557e-10
1214,3.1315682011107e-10
1215,3.129912390362e-10
1216,3.1126312881489e-10
1217,3.110987748312e-10
1218,3.0938346315416e-10
1219,3.0922032559994e-10
1220,3.0751770133509e-10
1221,3.0735576965455e-10
1222,3.0566572276581e-10
1223,3.0550498650648e-10
1224,3.038274080401e-10
1225,3.0366785685293e-10
1226,3.0200263892722e-10
1227,3.018442625644e-10
1228,3.0019129835767e-10
1229,3.0003408667237e-10
1230,2.983932704108e-10
1231,2.9823721335551e-10
1232,2.9660844030275e-10
1233,2.964535279283e-10
1234,2.9483669437339e-10
1235,2.9468291682848e-10
1236,2.930779200753e-10
1237,2.9292526760436e-10
1238,2.9133200596052e-10
1239,2.9118046890374e-10
1240,2.8959884166935e-10
1241,2.8944841046083e-10
1242,2.8787831791847e-10
1243,2.8772898308582e-10
1244,2.8617032648903e-10
1245,2.8602207865201e-10
1246,2.8447476021609e-10
1247,2.8432759008551e-10
1248,2.827915129757e-10
1249,2.8264541135304e-10
1250,2.8112047967538e-10
1251,2.8097543745106e-10
1252,2.794615562421e-10
1253,2.793175643948e-10
1254,2.7781463961067e-10
1255,2.7767168920692e-10
1256,2.7617962771498e-10
1257,2.7603770990735e-10
1258,2.7455641947509e-10
1259,2.7441552550179e-10
1260,2.7294491478809e-10
1261,2.7280503597196e-10
1262,2.7134501451676e-10
1263,2.7120614226434e-10
1264,2.6975662048003e-10
1265,2.6961874628039e-10
1266,2.6817963544207e-10
1267,2.6804275086645e-10
1268,2.6661396310226e-10
1269,2.6647805980302e-10
1270,2.6505950808589e-10
1271,2.6492457779538e-10
1272,2.6351617593368e-10
1273,2.6338221046372e-10
1274,2.6198387309198e-10
1275,2.6185086433276e-10
1276,2.6046250690375e-10
1277,2.6033044682278e-10
1278,2.5895198559789e-10
1279,2.5882086624007e-10
1280,2.57452218281e-10
1281,2.5732203176711e-10
1282,2.5596311492783e-10
1283,2.5583385345393e-10
1284,2.5448458637123e-10
1285,2.5435624220707e-10
1286,2.530165442943e-10
1287,2.5288910978396e-10
1288,2.5155890122025e-10
1289,2.5143236878029e-10
1290,2.5011157050423e-10
1291,2.4998593262407e-10
1292,2.4867446632474e-10
1293,2.4854971556373e-10
1294,2.4724750367349e-10
1295,2.4712363266268e-10
1296,2.4583059834912e-10
1297,2.4570759978862e-10
1298,2.4442366694679e-10
1299,2.4430153360591e-10
1300,2.4302662685041e-10
1301,2.4290535156725e-10
1302,2.4163939622457e-10
1303,2.4151897190449e-10
1304,2.4026189400593e-10
1305,2.4014231362145e-10
1306,2.3889403989555e-10
1307,2.3877529648541e-10
1308,2.3753575435099e-10
1309,2.3741784101894e-10
1310,2.361869585775e-10
1311,2.3606986849247e-10
1312,2.3484757452111e-10
1313,2.3473130091605e-10
1314,2.3351752485999e-10
1315,2.3340206103143e-10
1316,2.3219673299792e-10
1317,2.3208207230542e-10
1318,2.3088512305637e-10
1319,2.3077125892135e-10
1320,2.2958261986561e-10
1321,2.2946954577147e-10
1322,2.2828914895941e-10
1323,2.2817685845021e-10
1324,2.2700463656716e-10
1325,2.2689312324648e-10
1326,2.2572900960542e-10
1327,2.2561826713728e-10
1328,2.2446219567165e-10
1329,2.2435221777869e-10
1330,2.2320412303778e-10
1331,2.2309490350142e-10
1332,2.2195472064178e-10
1333,2.2184625330112e-10
1334,2.2071391808237e-10
1335,2.2060619683339e-10
1336,2.1948164561102e-10
1337,2.1937466440628e-10
1338,2.1825783412529e-10
1339,2.1815158697287e-10
1340,2.1704241516225e-10
1341,2.1693689612742e-10
1342,2.1583532089245e-10
1343,2.1573052409368e-10
1344,2.1463648411322e-10
1345,2.145324037236e-10
1346,2.1344583824108e-10
1347,2.1334246848829e-10
1348,2.1226331730689e-10
1349,2.1216065247094e-10
1350,2.1108885594886e-10
1351,2.1098689036261e-10
1352,2.0992238940618e-10
1353,2.0982111745426e-10
1354,2.0876385351312e-10
1355,2.0866326963196e-10
1356,2.0761318469252e-10
1357,2.0751328337008e-10
1358,2.0647031995033e-10
1359,2.0637109572389e-10
1360,2.0533519686939e-10
1361,2.052366443275e-10
1362,2.0420775360321e-10
1363,2.0410986738374e-10
1364,2.0308792887128e-10
1365,2.0299070366e-10
1366,2.0197566195127e-10
1367,2.0187909248327e-10
1368,2.0087089267528e-10
1369,2.0077497373332e-10
1370,1.9977356142347e-10
1371,1.9967828783824e-10
1372,1.9868360911792e-10
1373,1.9858897576683e-10
1374,1.9760097721846e-10
1375,1.9750697902523e-10
1376,1.9652560771568e-10
1377,1.9643223965034e-10
1378,1.9545744312649e-10
1379,1.9536470020495e-10
1380,1.9439642648904e-10
1381,1.9430430377125e-10
1382,1.9334250135587e-10
1383,1.9325099394814e-10
1384,1.9229561179149e-10
1385,1.9220471484286e-10
1386,1.9125570236356e-10
1387,1.9116541106767e-10
1388,1.9022271814147e-10
1389,1.9013302773499e-10
1390,1.8919660468838e-10
1391,1.8910751045128e-10
1392,1.8817730805873e-10
1393,1.8808880531249e-10
1394,1.8716477479058e-10
1395,1.8707685889942e-10
1396,1.8615895190285e-10
1397,1.8607161827281e-10
1398,1.8515978689021e-10
1399,1.8507303096812e-10
1400,1.8416722771766e-10
1401,1.8408104499097e-10
1402,1.8318122281521e-10
1403,1.8309560881246e-10
1404,1.8220172107535e-10
1405,1.8211667136428e-10
1406,1.8122867184694e-10
1407,1.8114418203518e-10
1408,1.8026202492978e-10
1409,1.8017809066427e-10
1410,1.7930173057248e-10
1411,1.7921834753886e-10
1412,1.783477394658e-10
1413,1.7826490338828e-10
1414,1.7740000274021e-10
1415,1.7731770938011e-10
1416,1.7645847195914e-10
1417,1.7637671711627e-10
1418,1.7552309911676e-10
1419,1.7544187862842e-10
1420,1.745938366325e-10
1421,1.7451314637223e-10
1422,1.7367063734778e-10
1423,1.7359047322613e-10
1424,1.727534545206e-10
1425,1.7267381248392e-10
1426,1.7184224182266e-10
1427,1.7176311785337e-10
1428,1.709369533344e-10
1429,1.7085834345005e-10
1430,1.7003754354135e-10
1431,1.699594437949e-10
1432,1.6914396733011e-10
1433,1.6906637380899e-10
1434,1.6825617998398e-10
1435,1.6817908881057e-10
1436,1.6737413717983e-10
1437,1.6729754450991e-10
1438,1.6649779498338e-10
1439,1.6642169700664e-10
1440,1.6562710984577e-10
1441,1.655515027859e-10
1442,1.6476203860015e-10
1443,1.6468691871329e-10
1444,1.6390253845768e-10
1445,1.6382790203252e-10
1446,1.630485670026e-10
1447,1.629744103609e-10
1448,1.6220008219075e-10
1449,1.6212640168622e-10
1450,1.613570423443e-10
1451,1.612838343625e-10
1452,1.6051940614913e-10
1453,1.6044666710636e-10
1454,1.5968713265024e-10
1455,1.5961485899528e-10
1456,1.5886018124981e-10
1457,1.5878836946081e-10
1458,1.5803851170148e-10
1459,1.5796715828867e-10
1460,1.572220841089e-10
1461,1.5715118561192e-10
1462,1.5641085892225e-10
1463,1.5634041191065e-10
1464,1.5560479693309e-10
1465,1.5553479800645e-10
1466,1.5480385927271e-10
1467,1.5473430505982e-10
1468,1.540080074083e-10
1469,1.539388945674e-10
1470,1.5321720314014e-10
1471,1.5314852835773e-10
1472,1.5243140859683e-10
1473,1.5236316858874e-10
1474,1.5165058623437e-10
1475,1.5158277774379e-10
1476,1.5087469883143e-10
1477,1.5080731863032e-10
1478,1.5010370948653e-10
1479,1.5003675437427e-10
1480,1.4933758161532e-10
1481,1.4927104841881e-10
1482,1.4857627894689e-10
1483,1.4851016452011e-10
1484,1.4781976552167e-10
1485,1.4775406674562e-10
1486,1.470680056874e-10
1487,1.4700271947006e-10
1488,1.4632096409729e-10
1489,1.4625608737259e-10
1490,1.4557860570591e-10
1491,1.4551413543425e-10
1492,1.4484089576713e-10
1493,1.4477682893461e-10
1494,1.4410779983091e-10
1495,1.4404413344941e-10
1496,1.4337928374069e-10
1497,1.4331601484769e-10
1498,1.4265531363024e-10
1499,1.4259243928818e-10
1500,1.4193585592131e-10
1501,1.4187337321758e-10
1502,1.4122087732034e-10
1503,1.4115878336738e-10
1504,1.4051034481673e-10
1505,1.4044863675109e-10
1506,1.3980422567848e-10
1507,1.3974290066098e-10
1508,1.3910248745163e-10
1509,1.3904154266711e-10
1510,1.3840509795541e-10
1511,1.3834453061273e-10
1512,1.3771202528193e-10
1513,1.3765183261317e-10
1514,1.3702323779151e-10
1515,1.3696341705216e-10
1516,1.3633870411121e-10
1517,1.3627925258029e-10
1518,1.3565839313274e-10
1519,1.3559930811133e-10
1520,1.3498227400864e-10
1521,1.3492355282114e-10
1522,1.3431031615067e-10
1523,1.3425195614384e-10
1524,1.3364248922778e-10
1525,1.3358448777058e-10
1526,1.3297876316245e-10
1527,1.3292111764596e-10
1528,1.3231910812939e-10
1529,1.3226181596616e-10
1530,1.3166349455247e-10
1531,1.3160655317695e-10
1532,1.3101189310293e-10
1533,1.3095529997134e-10
1534,1.3036427469673e-10
1535,1.3030802728576e-10
1536,1.2972061049209e-10
1537,1.2966470630017e-10
1538,1.2908087188808e-10
1539,1.2902530843392e-10
1540,1.2844503052073e-10
1541,1.2838980534402e-10
1542,1.2781305826244e-10
1543,1.2775816892314e-10
1544,1.2718492721936e-10
1545,1.2713037129755e-10
1546,1.265606097283e-10
1547,1.2650638482464e-10
1548,1.259400783562e-10
1549,1.2588618209041e-10
1550,1.2532330589568e-10
1551,1.2526973590824e-10
1552,1.2471026536595e-10
1553,1.2465701931572e-10
1554,1.2410093000776e-10
1555,1.2404800557329e-10
1556,1.2349527328289e-10
1557,1.2344266816248e-10
1558,1.228932688726e-10
1559,1.2284098078291e-10
1560,1.2229489067414e-10
1561,1.2224291735053e-10
1562,1.2170011279934e-10
1563,1.2164845199622e-10
1564,1.211089095734e-10
1565,1.2105755906322e-10
1566,1.2052125553166e-10
1567,1.2047021310542e-10
1568,1.1993712541842e-10
1569,1.1988638888501e-10
1570,1.1935649418508e-10
1571,1.1930606137177e-10
1572,1.1877933698752e-10
1573,1.1872920573867e-10
1574,1.1820562918526e-10
1575,1.181557973633e-10
1576,1.1763534633856e-10
1577,1.1758581182334e-10
1578,1.1706846420711e-10
1579,1.1701922489559e-10
1580,1.1650495874846e-10
1581,1.1645601255473e-10
1582,1.1594480611516e-10
1583,1.1589615097044e-10
1584,1.1538798265448e-10
1585,1.1533961650682e-10
1586,1.1483446490532e-10
1587,1.1478638571926e-10
1588,1.1428422959724e-10
1589,1.1423643535388e-10
1590,1.1373725364793e-10
1591,1.1368974234491e-10
1592,1.131935141628e-10
1593,1.1314628381351e-10
1594,1.1265298843175e-10
1595,1.1260603706603e-10
1596,1.1211565392839e-10
1597,1.1206897959217e-10
1598,1.1158148830872e-10
1599,1.1153508906298e-10
1600,1.1105046940784e-10
1601,1.1100434333003e-10
1602,1.1052257524058e-10
1603,1.1047672042293e-10
1604,1.0999778399792e-10
1605,1.0995219854854e-10
1606,1.0947607404655e-10
1607,1.0943075608836e-10
1608,1.0895742392687e-10
1609,1.089123715981e-10
1610,1.084418123512e-10
1611,1.0839702380481e-10
1612,1.0792921820275e-10
1613,1.0788469160673e-10
1614,1.074196205337e-10
1615,1.0737535407048e-10
1616,1.0691299856383e-10
1617,1.0686899043068e-10
1618,1.0640933167888e-10
1619,1.0636558008709e-10
1620,1.0590859942919e-10
1621,1.0586510260459e-10
1622,1.0541078152815e-10
1623,1.0536753771039e-10
1624,1.0491585785096e-10
1625,1.0487286529416e-10
1626,1.0442380843252e-10
1627,1.0438106540418e-10
1628,1.039346134666e-10
1629,1.0389211824844e-10
1630,1.0344825330467e-10
1631,1.034060041919e-10
1632,1.0296470845348e-10
1633,1.0292270375484e-10
1634,1.0248395957483e-10
1635,1.0244219761214e-10
1636,1.0200598748297e-10
1637,1.0196446659182e-10
1638,1.0153077314457e-10
1639,1.0148949167325e-10
1640,1.0105829767619e-10
1641,1.0101725398637e-10
1642,1.0058854234375e-10
1643,1.0054773481004e-10
1644,1.0012148856054e-10
1645,1.0008091557025e-10
1646,9.9657117886815e-11
1647,9.961677783956e-11
1648,9.9195412027272e-11
1649,9.9155303336016e-11
1650,9.8736352830963e-11
1651,9.8696473920613e-11
1652,9.8279922289211e-11
1653,9.8240271597083e-11
1654,9.7826102534406e-11
1655,9.7786678510273e-11
1656,9.7374875839671e-11
1657,9.7335676945223e-11
1658,9.69262246161e-11
1659,9.6887249325273e-11
1660,9.6480131412877e-11
1661,9.6441378211607e-11
1662,9.6036578915681e-11
1663,9.5998046301239e-11
1664,9.5595549944555e-11
1665,9.5557236426434e-11
1666,9.5157027454313e-11
1667,9.5118931553427e-11
1668,9.4720994531873e-11
1669,9.4683114780739e-11
1670,9.4287434396677e-11
1671,9.4249769339038e-11
1672,9.3856330397769e-11
1673,9.381887858878e-11
1674,9.3427666013683e-11
1675,9.3390426019812e-11
1676,9.3001424851631e-11
1677,9.2964395250155e-11
1678,9.2577590645049e-11
1679,9.2540770024784e-11
1680,9.2156147254188e-11
1681,9.2119534214435e-11
1682,9.1737078663412e-11
1683,9.1700671814551e-11
1684,9.1320368981392e-11
1685,9.1284166944248e-11
1686,9.0906002438976e-11
1687,9.0870003845546e-11
1688,9.049396338926e-11
1689,9.0458166881533e-11
1690,9.008423630535e-11
1691,9.0048640535769e-11
1692,8.9676805780041e-11
1693,8.9641409411816e-11
1694,8.9271656524419e-11
1695,8.92364582309e-11
1696,8.886877336741e-11
1697,8.8833771831875e-11
1698,8.8468141253741e-11
1699,8.8433335169841e-11
1700,8.8069745244173e-11
1701,8.8035133315717e-11
1702,8.7673570513484e-11
1703,8.7639151453821e-11
1704,8.7279602350179e-11
1705,8.724537488252e-11
1706,8.6887826154769e-11
1707,8.6853789012234e-11
1708,8.6498227439758e-11
1709,8.6464379365034e-11
1710,8.6110791827417e-11
1711,8.6077131573069e-11
1712,8.5725505050439e-11
1713,8.5692031378179e-11
1714,8.5342352949602e-11
1715,8.5309064630732e-11
1716,8.49613214734e-11
1717,8.4928217288475e-11
1718,8.4582396677155e-11
1719,8.4549475416164e-11
1720,8.420556472214e-11
1721,8.4172825183916e-11
1722,8.3830811874329e-11
1723,8.3798252867245e-11
1724,8.3458124504045e-11
1725,8.3425744845039e-11
1726,8.3087489084215e-11
1727,8.3055287599616e-11
1728,8.271889219068e-11
1729,8.2686867715365e-11
1730,8.2352320500329e-11
1731,8.232047187791e-11
1732,8.1987760790412e-11
1733,8.1956086873541e-11
1734,8.1625199937967e-11
1735,8.1593699587885e-11
1736,8.1264624919134e-11
1737,8.1233297005476e-11
1738,8.0906022807845e-11
1739,8.0874866208697e-11
1740,8.0549380774908e-11
1741,8.0518394376987e-11
1742,8.0194686087589e-11
1743,8.016386878605e-11
1744,7.9841926109204e-11
1745,7.9811276806951e-11
1746,7.949108829673e-11
1747,7.9460605905465e-11
1748,7.9142160201898e-11
1749,7.9111843641309e-11
1750,7.8795129469317e-11
1751,7.8764977667017e-11
1752,7.84499838356e-11
1753,7.8419995727307e-11
1754,7.810671112899e-11
1755,7.8076885658458e-11
1756,7.7765299269104e-11
1757,7.7735635387697e-11
1758,7.7425736264499e-11
1759,7.7396232931614e-11
1760,7.708801021389e-11
1761,7.7058666396648e-11
1762,7.6752109303976e-11
1763,7.6722923976922e-11
1764,7.6418021809095e-11
1765,7.6388993954858e-11
1766,7.6085736091237e-11
1767,7.6056864699506e-11
1768,7.5755240597787e-11
1769,7.5726524666212e-11
1770,7.542652386263e-11
1771,7.5397962395683e-11
1772,7.5099574503433e-11
1773,7.5071166513425e-11
1774,7.477438122311e-11
1775,7.4746125729535e-11
1776,7.4450932806897e-11
1777,7.4422828836492e-11
1778,7.4129218123808e-11
1779,7.4101264710263e-11
1780,7.3809226123977e-11
1781,7.378142230846e-11
1782,7.3490945839413e-11
1783,7.3463290669933e-11
1784,7.3174366382761e-11
1785,7.3146858914342e-11
1786,7.2859476946432e-11
1787,7.2832116241058e-11
1788,7.2546266802314e-11
1789,7.2519051928989e-11
1790,7.223472530137e-11
1791,7.2207655335486e-11
1792,7.192484187163e-11
1793,7.1897915895838e-11
1794,7.1616606019417e-11
1795,7.1589823122993e-11
1796,7.1310007327466e-11
1797,7.1283366606145e-11
1798,7.1005035454547e-11
1799,7.0978536010701e-11
1800,7.0701680134864e-11
1801,7.0675321077677e-11
1802,7.0399931177798e-11
1803,7.037371162242e-11
1804,7.0099778466752e-11
1805,7.0073697535263e-11
1806,6.9801211958446e-11
1807,6.9775268779243e-11
1808,6.9504221683248e-11
1809,6.9478415390773e-11
1810,6.9208797743354e-11
1811,6.9183127478826e-11
1812,6.8914930313344e-11
1813,6.8889395223588e-11
1814,6.8622609638606e-11
1815,6.8597208877127e-11
1816,6.8331826035342e-11
1817,6.8306558761491e-11
1818,6.8042569889674e-11
1819,6.8017435269159e-11
1820,6.775483165743e-11
1821,6.7729828861711e-11
1822,6.7468601863268e-11
1823,6.7443730069956e-11
1824,6.7183871100354e-11
1825,6.7159129492722e-11
1826,6.6900630029282e-11
1827,6.6876017796986e-11
1828,6.6618869378421e-11
1829,6.6594385716358e-11
1830,6.6338579942294e-11
1831,6.6314224051764e-11
1832,6.6059752582044e-11
1833,6.6035523669499e-11
1834,6.5782378224261e-11
1835,6.5758275502243e-11
1836,6.5506447860582e-11
1837,6.5482470547136e-11
1838,6.5231952547295e-11
1839,6.520809986614e-11
1840,6.495888340462e-11
1841,6.4935154584998e-11
1842,6.4687231616428e-11
1843,6.4663625892955e-11
1844,6.4416988429532e-11
1845,6.4393505042476e-11
1846,6.4148145153203e-11
1847,6.4124783348119e-11
1848,6.3880693158893e-11
1849,6.3857452186693e-11
